{
    "joint_positions": {
        "L_arm_j1": 1.577940,
        "L_arm_j2": 0.011170,
        "L_arm_j3": 0.000766,
        "L_arm_j4": -3.064725,
        "L_arm_j5": 0.000744,
        "L_arm_j6": 0.001414,
        "L_arm_j7": -0.697985,
        "R_arm_j1": 0.000023,
        "R_arm_j2": -0.000072,
        "R_arm_j3": 0.000096,
        "R_arm_j4": -0.000024,
        "R_arm_j5": 0.000024,
        "R_arm_j6": -0.000047,
        "R_arm_j7": 0.000073,
        "torso_j1": 1.043532,
        "torso_j2": 1.951278,
        "torso_j3": 0.522552,
        "head_j1": -0.388510,
        "head_j2": -0.000559,
        "head_j3": -0.004765,
        "L_wheel_j1": 0.000000,
        "R_wheel_j1": 0.000000,
        "B_wheel_j1": 0.000000,
        "L_wheel_j2": 0.000000,
        "R_wheel_j2": 0.000000,
        "B_wheel_j2": 0.000000
    },
    "description": "Joint positions for Vega robot simulation",
    "notes": {
        "L_arm": "Left arm joints (7 joints)",
        "R_arm": "Right arm joints (7 joints)", 
        "torso": "Torso joints (3 joints)",
        "head": "Head joints (3 joints)",
        "wheels": "Chassis wheel joints (6 joints) - kept at 0"
    }
}
